genres,id,name,platforms,rating,storyline,summary
[25],5478,Afro Samurai,"[9, 12]",49.99226518724957,Gianlucas cousin said that the one who becomes Number One will rule the world wielding powers akin to a god Someone becomes Number One by killing the previous Number One and taking his ceremonial headband However only the Number Two is allowed to challenge the Number One Because of this few people ever reach the Number One because the Number Two headband is constantly changing owners Afros father was the old Number One until he was brutally killed by a gunman named Justice an event witnessed by Afro as a child Now an adult Afro Samurai is the current Number Two and a master swordsman he travels the road seeking revenge on Justice Lengthy flashbacks interspersed throughout the story detail how Afro rose from frightened boy fleeing the death of his father to master swordsman and eventually to become the current Number Two while the story in the present deals with the adult Afro making his way to the mountain top keep of the Number One to duel Justice while at the same time the mysterious cult known as the Empty Seven Clan sends various agents to kill Afro and take his Number Two headband,Afro Samurai is a 3D brawler with platforming elements loosely based on the manga and anime series of the same name Using light hits power hits kicks and blocks the player fights various enemies Most levels culminate in a boss fight and inengine cutscenes advance the story  The game features a celshaded animation style Though it is a hack and slash game the fighting is a bit more strategic and the player will be able to block and use combos The enemies will respond by rolling ducking and hopping over the players blade and occasionally using body orifices to catch the weapons the combat system was worked on by Monty Oum
"[4, 5, 8, 31]",2846,Family Guy Video Game!,"[8, 11, 38]",49.96027339135929,Missing,This game is based on the animated television series Family Guy It was also released for the PlayStation 2 and the original Xbox  The game is split into 22 levels for the three playable characters Peter Stewie or Brian Peter and Stewie have eight levels while Brian has six Each character has his own unique style of play  A key feature of the game are minigames done in the same style as the cutaway gags that the show is famous for usually lasting less than 10 seconds The minigames often repeat cutaway gags from the shows such as Peter inexplicably burning his hand in a waffle iron Successfully completing the minigame offers a bonus Brian becomes invisible for a short period while Peter and Stewie receive powerups for their respective abilities
"[10, 14]",2731,Big Bumpin',"[11, 12]",49.94011976047904,Get bumped royally In Big Bumpin part of a trio of budget games released by Burger King from November 19th to December 24th 2006 your job is to go head to head with friends online and off in a bumper car mayhem  You will choose from six characters and five arenas and compete in five different bumper car competitions The playable arenas include Ice Box Kings Court Broiler and Monsoon of Doom The playable characters include of course Burger Kings The King mascot Brooke Burke and Subservient Chicken The competitions are Own the Puck where you must keep the puck away from the other players the longest Last Man Standing where you have to outlast all your competitors Power Surge where you must race to keep all your power Shockball which is a hot potato kind of game involving exploding bumper cars and the last game is Hockey where you basically play twoontwo hockey with powerups and weapons Big Bumpin also has a character creation mode where you can make a player as well as a bumper car It also includes a tournament mode available only to solo players,Youve been in a bumper car before right Its a simple concept you drive around and smash into people But in Big Bumpin theres a catch These bumper cars come with big hazards like surprise saws bottomless pits and ice patches so you can dole out bumps so bumptastic we hesitate to even call them bumps But we do because thats the name of the game  Big Bumpin is one of three promotional games released by Burger King restaurants that were only available for sale from November 19th 2006 to December 24th 2006
"[25, 31]",26034,Batman: Arkham Knight - Red Hood Story Pack,"[6, 48, 49]",49.93498403211697,Having given up his vendetta against Batman along with his Arkham Knight persona Jason Todd has resumed the life of a vigilante Now the Red Hood aptly named for the tactical visor and jacket hood he wears Jason cleans the streets of criminal scum with extreme prejudice Unlike the rest of the Bat Family Jason kills his enemies and doesnt spare them For over a months time he continued his crusade Among the nameless thugs he killed Red Hood added the super criminal Killer Moth to the body count Red Hood enters through a glass roof to stop an arms deal between Black Masks and Penguins gangs After neutralizing everybody he interrogates the only man he didnt kill With a gun to his face the thug tells Red Hood about a weapon shipment stored at a dock near near Gotham City With the thugs usefulness expended Red Hood kills him and heads off    At the Docks Red Hood again takes out everybody this time in silently due to the amount of guns carried by henchmen With only one man left Red Hood takes him for interrogation to find out where Black Mask is hiding out Having been beaten and interrogated by Batman and his allies for years the thug adamantly tells Red Hood that he wont kill him Annoyed Red Hood puts a gun under the thugs chin asking if he looked like Batman Now afraid for his life the thug reveals Black Masks location in the hopes of being spared However just like the last snitch he too is sentenced to death with a bullet to the head    Red Hood arrives at Sionis hideout and takes out several guards This draws out Black Mask who enters his office with several henchmen Black Mask attempts shooting the Red Hood numerous times but fails due to the vigilantes reflexes Beating Roman and his thugs Red Hood slowly wears down the crime lord and kills all the henchmen  After the battle Red Hood drags the now begging Sionis to a large window in his office As Black Mask promises Ill go anywhere you want Red Hood tells him How about you go to Hell and kicks the defeated crime lord through the window and tells him to Say hi to Joker for me He then leaves the building,Get the Red Hood Story Pack and wage a oneman war against the notorious Black Mask For the first time in the Arkham series take on the role of the ruthless vigilante Red Hood and utilize new moves gadgets and dual handguns as you attempt to bring down a vast criminal empire
[12],127348,Dungeons & Dragons: Dark Alliance,"[6, 48, 49, 167, 169]",49.92491059487453,Missing,Set in the Forgotten Realms the game features realtime combat and dynamic coop gameplay and pits the infamous Drizzt DoUrden and his legendary companions  Cattibrie Bruenor and Wulfgar  against some of the most iconic monsters from the world of Dungeons  Dragons Frost Giants Beholders and White Dragons roam the frozen tundra of Icewind Dale in search of the Crystal Shard and its up to the companions to muster the strength to stop them from claiming and using it to destroy their home
"[10, 14]",18266,MX vs. ATV Alive,"[9, 12]",49.91257949987293,Missing,Own the competition as you wrestle for position with tightly contested racing in the fifth iteration of the MX vs ATV franchise Feel the realism of the revolutionary realworld physics engine which has defined the racing genre Live the sport as Alive captures the spectacle of motocross and the essence of competitive racing while providing the best riders and gear from the latest manufacturers
"[4, 32, 33]",27419,Brawlout,"[6, 48, 49, 130]",49.91021258442029,Missing,Brawlout is the competitive platform fighter designed for couch play online ranked matches and competitive tournaments
"[5, 31]",4936,Iron Man 2,"[9, 12]",49.90980330144954,Missing,Iron Man 2 is a 2010 actionadventure video game loosely based on the film of the same name The game has an original story written by The Invincible Iron Man scribe Matt Fraction This story is set after the plot of the film The game features the voices of Don Cheadle and Samuel L Jackson reprising their roles from the film
Missing,122108,Resident Evil Resistance,"[6, 48, 49]",49.90353358882027,Missing,Capcoms Resident Evil Resistance is a new 1 vs 4 asymmetric online survival horror experience set in the world of Resident Evil Unleash your inner evil as a cunning Mastermind or join the fight as one of the resourceful Survivors desperately trying to escape every obstacle the Mastermind puts in their way
"[8, 9, 15, 31, 32]",136981,Hoa,"[6, 14, 48, 49, 130, 167, 169]",49.87899818575782,Missing,Hoa is a platformadventure game featuring beautiful handpainted art and a calm relaxing atmosphere The game follows the main character Hoa as she discovers her own story on a journey through a breathtaking and magical world back to her homeland
"[10, 14]",3871,Dave Mirra Freestyle BMX 2,"[8, 11, 21]",49.84689435426115,Missing,Ride around big open levels on your bmx bike earning points for tricks Complete various missions which help you unlock more levels and riders
"[4, 25]",26621,Double Dragon IV,"[6, 48, 49, 130]",49.8374906938794,Missing,The next entry in the sidescrolling action game series Double Dragon is finally here  The story picks up after the elimination of the Shadow Warriors in Double Dragon II
"[12, 31]",10295,Faery: Legends of Avalon,"[6, 9, 12, 49]",49.83436961178745,Missing,Faery Legends of Avalon is a big role playing game packed with a very distinctive ambience and graphic style Create your character embark in a great adventure and discover the fantastic world of Avalon  You will have to understand why this magic world is dying and save the kingdom from certain disappearance In a thrilling adventure where your choices will shape the story develop your character his abilities and special powers as well as his equipment through the victorious battles and accomplished quests  Numerous dangers await you and the battles against some of the creatures and monsters of the game promise to be formidable Gain power and experience and assure the support of friendly companions you will meet through your journey Carefully select who will fight at your side and live the incredible experience of being accompanied by a dragon a troll fairies and other fantastic creatures
"[10, 14, 33]",121230,Garfield Kart: Furious Racing,"[6, 14, 48, 49, 130]",49.82995636382142,Missing,Choose your character and kart according to their characteristics and your driving style get off the starting line first and control skids to outrun your opponents Use crazy bonus objects like the Pillow or the Magic Wand to gain an edge and get over the finishing line first Are you lazy like Garfield Take shortcuts to overtake the other racers with the Spring Race your friends in local mode or online with up to eight players on 16 iconic circuits from the world of Garfield
[14],6910,Beijing 2008,"[6, 9, 12]",49.76778575079148,The game delivers a far more entertaining and immersive Olympic experience with superior graphics capturing the fine emotional detail of each event where a fraction of a second means the difference between winning and losing With brand new gameplay mechanics challenging your time speed and coordination you will strive to break records alone or with up to seven friends online as you lead your team to victory in 38 authentic Olympic events,Embrace the competitive spirit of the worlds most prestigious sporting event and represent your country as you compete for the highest honor  the Gold
[31],4148,Dreamworks' Shark Tale,"[6, 8, 11, 21]",49.602111621864466,Missing,Shark Tale is a 2004 video game based on the film of the same name that was released on PlayStation 2 Microsoft Windows Game Boy Advance GameCube and Xbox The Game Boy Advance version was also released on a Twin Pack cartridge bundled with Shrek 2 in 20051  The player is the role of Oscar the fasttalking little fish who becomes an unlikely hero after he decides to take the easy road to fame and fortune by fighting with his shark friend Once underway gamers undertake more than 25 different missions set in their favorite moviebased locations including exclusive gameonly environments Blending a variety of different gameplay styles Shark Tale sports all sorts of interactive activities including adventure mode actionfighting sequences race challenges and Dance Dance Revolutionlike music sequences
"[12, 13, 32]",83852,My Child: Lebensborn,"[6, 34, 39, 48, 49, 130]",49.565215,Missing,A storydriven nurture game Help the child of an enemy in a postwar society  WHAT HAPPENS WHEN THE WAR ENDS Does hatred just go away My Child Lebensborn is a storydriven nurture game  a dark tamagotchi  letting you experience the fates of Children Born of War Take care of Karin and Klaus and help them survive in a postwar society Find out what happened to their parents and try to find a better future  My Child lebensborn combines genre and theme in a unique way You take part in the journey of a child through a significant time   Balance meagre resources and emotional needs   Influence the childs personality and views   Make tough choices
"[5, 9, 31, 32]",9961,Albedo: Eyes from Outer Space,"[6, 14, 48, 49]",49.53865651672557,Missing,Inspired by 60s pulp scifi movies Albedo Eyes From Outer Space is a firstperson adventure game Working as a nightwatchman at a partially abandoned secret research facility you are knocked unconscious by a nearby explosion Waking in the complexs basement you look up and see a gaping hole in the ceiling Escaping the damaged building is only the start of your troubles and as you begin to explore the base you encounter strange unearthly organisms Is this all because of some sort of biological experiment gone wrong Youll need to fight for survival as you unravel the mysteries and solve the problems that lie ahead
[31],4853,Fantastic Four: Rise of the Silver Surfer,"[5, 8, 9, 12, 20]",49.49487416460941,Missing,Marvels first family of Super Heroes face its greatest challenge yet as the enigmatic intergalactic herald The Silver Surfer comes to Earth to prepare it for destruction Transform into any member of the Fantastic Four to fight enemies from the Fantastic Four Universe including Silver Surfer Super Skrull and more Battle in 4player coop with easy pick up and play ability
"[25, 31]",222655,Devil May Cry 2,"[6, 9, 12, 48, 49, 130]",49.48072281318559,Missing,An HD remaster of Devil May Cry 2 first made available in Devil May Cry HD Collection  Devil May Cry 2 takes place many years after the first game This installment introduces the ability to run along walls the Rain Storm ability and others giving Dante even more freedom to defeat enemies in style You can also play as the new character Lucia who uses speed as a weapon against enemies as opposed to Dante who relies on power The bonus mode Bloody Palace also makes its first appearance here
"[12, 31, 32]",106987,Torchlight III,"[6, 48, 49, 130]",49.4592542960922,Missing,Set in the same beloved universe as Torchlight I and II this sharedworld actionRPG brings back many of the franchises signature features and mechanics that captured the hearts of ARPG fans around the world In true Torchlight style players will team up with friends and devoted pets to hack and slack their way through a vibrant world discover ancient ruins of lost civilizations and brave dungeons filled with riches and dangerous creatures
"[9, 13, 31, 32]",30264,The Station,"[3, 6, 14, 48, 49, 130]",49.38432452858176,Missing,The Station is a firstperson exploration game set on a space station sent to study a sentient alien civilization Assuming the role of a recon specialist players must unravel a mystery which will decide the fate of two civilizations
"[4, 9, 31]",1989,Alter Echo,"[8, 11]",49.10017125284618,In a world where psychics known as shapers can create any object they want with a substance called Plast the best shaper of all Paavo develops a new type of Plast  EchoPlast The ship of Nevin and his crew is shot down by Paavo and they crashland on his planet The EchoPlast having developed a conscience asks Nevin to stop Paavo from destroying humanity with the EchoPlasts power The EchoPlast forms a suit for Nevin to help him,In Alter Echo interstellar corporations mine a new organic skin called Plast and use it to make biomachines Nevin who can physically alter Plast and time itself discovers that illegal experiments have infected Plast with human consciousness and now he must fight for survival against a world gone mad As you battle wave after wave of biomechanical enemies you can morph between Melee Gun and Stealth modes A Time Dilation system allows players to freeze the action and cue up an unstoppable flurry of moves and special attacks
"[4, 31]",9286,Digimon All-Star Rumble,"[9, 12]",49.04558501220812,Missing,Jampacked with an allstar cast from the Digimon Universe Digimon AllStar Rumble throws down with immersive 3D battle arenas and highimpact inyourface fighting action  After overcoming countless crises the Digital World now exists peacefully once again Although Digimon quarrel amongst themselves on occasion the world as a whole is a peaceful place perhaps too peaceful  The incredible defenders of the Digital World have grown bored and peace brings no satisfaction A world without chaos has extinguished the driving force behind their existence  to Digivolve To pacify the growing unrest a proposal was made Let us gather all Digimon who seek to Digivolve and hold a tournament to crown the strongest of them all  And so began the Digimon Evolution Tournament A tournament of Digimonumental proportions
"[13, 14]",904,Tiger Woods PGA Tour 2003,"[6, 8, 11, 14, 21]",49.0,Missing,Tiger Woods PGA Tour 2003 is a 2002 golf video game released by EA Sports Among the features in the game is the Tiger Challenge in which the player is matched against real or fantasy golfers one at a time There is also a scenario mode with 50 scenarios challenging the players skills in a variety of realistic settings The game also includes a tournament mode that simulates a season on the PGA Tour
"[13, 31]",47764,Disney Infinity: 2.0,"[41, 49]",48.89418436191077,Missing,In Disney Infinity 20 Edition you have the freedom and endless opportunity to create stories and play experiences starring some of your favorite Marvel Super Heroes and Disney characters Save the World or Create your Own
"[15, 25]",2633,Naughty Bear,"[9, 12]",48.6821526428089,Naughty Bear is the only bear on Perfection Island who is not invited to Daddles birthday party Naughty tries to be nice anyway and even crafted a gift for the occasion hoping he and Daddles could become friends When two other bears Chubby and Giggles see that Naughty has a present they laugh at him This makes Naughty sulk back to his house He then decides to get revenge on the bears going on a killing spree and punishing the various other inhabitants of Perfection Island and any outside help that comes to their aid  The episodes that follow have Naughty deal with a variety of unusual events fighting ninja bears to take out Mayor Chubby whose reelectoral promise is to kill off Naughty battling the military to punish Cozy for using birds to spy on him killing Nibbles for raising the UnTed fighting his way through the Bear Emergency Action Response BEAR unit to kill oil baron Trembles for intending to kill Naughty and build an oil rig over his hut and executing Fluffy for unknowingly threatening all existence while taking down his robot bear army  In the seventh episode a bear named Sunbeam makes contact with aliens However the aliens enslave the bears and take over the island After killing the aliens and Sunbeam Naughty Bear is congratulated by the other bears for his effort and was even offered a cake However Daddles smashes the cake in Naughtys face humiliating him in front of all the bears on the island as they all played him Heartbroken Naughty Bear goes back to his hut but not before he destroys the cabin all the bears are in with an RPG  Three additional episodes were released as downloadable content In the first Naughty is invited to a cake tasting party to be the guest of honour But learning it to be a trap by Cop Gordon as he calls in the superhero Danger Bear and his XBear team Naughty not only punishes Gordon but also the XBears and Danger Bears number one fan Bubbles In the second Naughty punishes the crew of Captain Bear Beard and Giggles when they intend to dig up Naughty Bears house for buried treasure In the last one Naughty learns the bears enlisted Vampiricorn to do their dirty work Due to him and his minions draining the stuffing of Unibear the vampire bears are almost unstoppable as Naughty punishes both them and Stardust who came up with the plan in the first place,In Naughty Bear players take on the role of Naughty Bear a bear driven to seek vengeance after the other bears dont invite him to the big birthday party Scorned for the last time Naughty Bear becomes hell bent on manipulating and terrorizing the blissful bears inhabiting the Island of Perfection  As Naughty Bear players will wreak havoc on every stuffingfilled foe that crosses their path Featuring an array of weapons objects and scare tactics gamers strive to earn Naughty Points as they inflict physical and psychological harm on Naughty Bears enemies This allnew scarebased points system means players will win the most rewards for being deviant and maniacal The variety allows for a completely new experience every time players pick up a controller and the illfated bears become more difficult to harass and terrorize as the game progresses  Naughty Bear features more than 30 levels to unlock with unique characteristics and weaponry encountered at every stage Gamers can search the game world and collect all the hidden party items locked away by the other bears
"[4, 32, 33]",28733,Iron Snout,"[3, 6, 14, 46, 48, 49, 130]",48.64937931970176,Missing,Iron Snout is a fast colorful and brutal fighting game in which you will be helping a piglet fight for its life against hordes of wolves
[4],2569,Dragon Ball Z: Burst Limit,"[9, 12]",48.50015659311805,Missing,The Dragon Ball Z universe makes its first appearance on the seventh generation of consoles with the release of Dragon Ball Z Burst Limit
"[25, 31]",3896,Dragon Ball Z: Sagas,"[8, 11, 21]",48.4617937752059,Missing,Dragon Ball Z Sagas is a game that tells how the story of Dragon Ball Z began You play as six heroes from the show such as Goku Gohan and Piccolo  Your mission is to recreate the elements of the SaiyanCell Games Sagas Along the way you must face evil enemies as well as collecting ZCoins so you can upgrade some new abilities and moves and Capsules that can give you more fighting power and energy At the end of some areas their will be a boss that you must defeat such as Raditz Nappa Captain Ginyu Frieza and Cell Single player mode features three difficulty levels easy normal and hard  The game also has a Coop mode where you can play in Sagas or Pendulum mode You can select any chapter from the single player mode It is similar to Single player mode but the difficulty level is higher
[33],5241,Toy Story Mania!,"[5, 6, 9, 12]",48.44427743750301,Missing,Inspired by the DisneyPixar feature film Toy Story and the 4D Toy Story Mania attraction at Disneyland Resort and Walt Disney World Resort Toy Story Mania is now available for PC
"[13, 15, 31, 32]",111159,Youtubers Life: OMG Edition,"[48, 49, 130]",48.44040762073548,Become a famous gamer in the Gaming Channel  Record gameplays reviews speed runs walkthroughs Collect all the consoles from across generations play your favorite titles and even develop your own video games    Play your own compositions in the Music Channel  Play 30 different instruments and more than 10 music genres Publish covers lessons duets compose the catchiest songs and give exciting live concerts    Cook the tastiest recipes in the Cooking Channel  Create new exotic dishes from different gastronomies Upload tips tutorials and collaborative dishes become an experienced chef and work in your own restaurant,The OMG Edition of Youtubers Life is the console version of the earlier PC release The game features three channels for players to explore Gaming Music and cooking
"[5, 9, 31, 32]",8286,Magrunner: Dark Pulse,"[6, 9, 12]",48.36951705804164,Missing,When technology meets Cthulhu  Magrunner Dark Pulse is an actionpuzzle game in which technology confronts the Cthulhu Mythos as imagined by author H P Lovecraft  You are Dax one of seven Magrunners selected among the elite to participate in MagTech Corporations space training program But what should be the chance of a lifetime quickly becomes a horrific nightmare  Equipped with your Magtech glove you must harness the ability to magnetically polarize and manipulate objects in the environment to survive and surpass challenging puzzles Your reflexes and ingenuity will be pushed to their limits as you make your way through 40 immense and dangerous levels including hightech training rooms and the endless chasms of the lost cosmos on a path to confront the horrendous creatures of Cthulhu
"[5, 31]",210,Star Wars: The Clone Wars - Republic Heroes,"[5, 6, 8, 9, 12, 20, 38]",48.24689158250956,Missing,Star Wars The Clone Wars Republic Heroes lets Star Wars fans young and old live out the sweeping galactic adventures of the Clone Wars For the first time ever players can fight as their favorite Jedi and clone troopers from the preeminent animated television series  from familiar faces like Anakin Skywalker to new heroes like Clone Captain Rex  A brandnew storyline which bridges the gap between season one and two takes the player on a multifaceted adventure to stop a mysterious techno assassins destructive plot Built around twoplayer cooperative action the accessible controls and familyfriendly gameplay bring Star Wars fans across generations together like never before to fight the evil Separatists and restore peace to the galaxy  Experience an allnew and exciting Clone Wars storyline that bridges the gap between season one and two of the TV series as you learn more about the mysterious bounty hunter Cad Bane and hunt down the allnew Skakoan super villain Kul Teska
"[31, 32]",125630,Drake Hollow,"[6, 49]",48.20224719101123,Missing,Welcome to The Hollow a blighted and dying place and home to the Drakes  Drakes are the friendly vegetable folk native to these parts and they need your help Theyre hungry thirsty and need a place to sleep They can  quite literally  die of boredom Its on you to save them Build gardens to provide them with food wells for water and yoga balls and puppet shows to keep them entertained You can even craft treadmills and solar panels to generate power for Tesla coils electric fences and other fortifications  Youll need robust defenses as youll quickly see that The Drakes arent the only residents of The Hollow The Feral have overrun the land evil creatures that are looking to shred anything happy or good Battle them oneonone with a wide array of weapons ranging from tennis rackets to nail guns bring your friends to lend a hand and build your defenses so you can take them out without lifting a finger  Travel from region to region season to season taking the Drakes and their village with you Each region is over a square mile of territory to explore dynamically generated and populated with each passing season  You must balance your time carefully What supplies are most crucial at any given moment What does your village need Metal from the supply caches to build your defenses or crystals from the blighted regions to grow your Drakes Prove that youve got what it takes to help the Drakes and take back The Hollow
"[31, 32, 34]",20957,Three Fourths Home: Extended Edition,"[3, 6, 14, 46, 48, 49, 130]",48.19936470987609,Missing,In her mid20s Kelly has been forced to move back to Nebraska Back to that flat expanse that seemingly endless sea of rustling cornstalks peppered by rusty silos and rustier towns A typically intense Midwestern storm is approaching while Kelly is out she needs to get home  Three Fourths Home is a visual short story in which you assume the role of Kelly during her drive through the storm In the 20 miles between her grandparents crumbling barn and her parents home she receives a phone call from her mother While driving through a stylized representation of rural Nebraska you must navigate an extended conversation between Kelly and her parents and younger brother  Three Fourths Home takes a look into a specific moment of these characters lives and their relationships with one another The narrative touches on a variety of issues affecting Kelly and her family including disability adulthood and familial obligation  As a visual short story dialogue choice is the primary focus of Three Fourths Home Between the main game and the epilogue nearly 800 unique dialogue choices shade the story differently based on how you play In addition to dialogue choice you must also keep driving in order to keep the conversation going Stop and time slows to a crawl Kelly has to move forward in order to get home
"[31, 34]",23849,Psycho-Pass: Mandatory Happiness,"[3, 6, 46, 48, 49]",48.13920792306288,2112 Tokyo Two new detectives have been assigned to the MWPSB Criminal Investigation Department Division 1 Nadeshiko Kugatachi is an Inspector whose memories were wiped while Takuma Tsurugi is an Enforcer who is searching for his missing childhood friend Calm serious and unable to comprehend human emotions Nadeshiko meets Tsurugi a hotheaded man determined to become a tough detective Once they encounter each other the gears of fate begin to turn  The story takes place somewhere far away from Tokyo in the once futuristic Sado Marine City What will their answers be when they reach the truth,In a world where psychological states can be quantified every choice has consequences victims can become criminals and the very nature of truth can warp and shift Can detectives Nadeshiko Kugatachi and Takuma Tsurugi remain on the path of justice as they face the ugly truths of humanity
[31],15523,Batman: Arkham Knight - GCPD Lockdown,"[6, 48, 49]",48.11032021185173,Some time has passed since the events of Arkham Knight the criminals have been locked up the BatSignal smashed and Batman gone Penguin is trying to break out with the help of his gang With Lucius at the comms Nightwing has to take Penguin and put him back in the GCPD,Set after the events of Arkham Knight play as Nightwing to stop the Penguin from breaking out of the Gotham City Police Department in this thrilling story pack
[9],8325,Bookworm,"[6, 12, 14, 20, 24, 39, 159]",48.03414700281657,Missing,Help Lex battle through books in a spelling sensation of epical proportions Vanquish villains whomp foes and annihilate over 150 enemies Increase your word power with fantastic gems potions and treasures With exciting minigames and brilliant bonus modes its the ultimate test of vocabularic valor
"[5, 8, 31]",4105,Shadow the Hedgehog,"[8, 9, 11, 21]",48.00541100235332,Missing,The world is in peril as forces both good and evil make a play for the powerful Chaos Emeralds In Shadow the Hedgehog you can control Shadow and choose which side to fight for This 3D platformer lets you use weapons vehicles environmental objects and time and space manipulation to combat your foes  Although it is a 3D platform game as with the more recent Sonic Adventure games the games levels each feature up to three different missions Hero Dark Normal that the player may choose to complete The games plot depends on which mission is completed as well as subsequent playable levels The game stars Shadow the Hedgehog and his quest to recover his memory a goal he has been pursuing since his debut in Sonic Adventure 2 while an evil alien race known as the Black Arms is invading the planet
"[10, 13, 14]",5830,F1 Career Challenge,"[6, 8, 11, 21]",48.0,Missing,F1 Challenge spans four entire championship seasons and features accurate team vehicle and driver data for each
"[10, 14]",3868,Dakar 2: The World's Ultimate Rally,"[7, 8, 11, 21]",48.0,Missing,Dakar 2 is a racing game of course simulating the famous ParisDakar Rally Although not the real 6000 kilometers can be crossed in the game the rally mode takes the player through 12 tracks all the way from France to Dakar The tracks lead racers through cities forests and the desert Most of them are simple tracks but there are desert tracks where the player can drive around freely finding the checkpoints faster than the opponents The player can choose from the officially licensed cars trucks and bikes from Dakar 2002 but only vehicles of the same type can compete in a race There is also an arcade racing mode where all the tracks and vehicles that have been unlocked in rally mode can be selected as well as a splitscreen mode for two players
"[8, 31]",2854,Scooby-Doo! Unmasked,"[8, 11, 20, 21]",47.93985428355299,Missing,The player uses ScoobyDoo to take down enemies and collect clues for Velma ScoobyDoo can change costumes which can give him different moves such as kungfu and fly like a bat Without using these costumes some levels may not be possible to finish This is the third ScoobyDoo game to feature a laugh track In the Nintendo DS game there are a few minigames included to make use of its touchscreen
"[8, 13, 31, 32]",134784,Just Die Already,"[6, 48, 49, 130, 169]",47.92846604623235,You are an old retired person in a near future where people arent having any children There isnt anyone to pay for pensions due to those ungrateful millennials who prefer playing video games instead of doing actual work With no one to cover your living costs you  just like all other old people in this world  have no other choice but to survive on your own How will you survive in a world that wants you to Just Die Already,Just Die Already is an old people mayhem sandbox game created by the designers of Goat Simulator You are old and angry and youve just been kicked out of your retirement home How will you survive in a world that wants you to Just Die Already
"[5, 12]",13918,Borderlands: The Pre-Sequel - The Holodome Onslaught,"[6, 9, 12]",47.85316146916636,Missing,Ultimate Vault Hunter Upgrade Pack The Holodome Onslaught is a downloadable content pack for Borderlands The PreSequel
"[4, 12, 31]",26879,Werewolf: The Apocalypse - Earthblood,"[6, 48, 49, 167, 169]",47.66423357664234,Missing,Become a werewolf known as Garou in the atmosphere of their shamanistic and tribal world Garou are Werewolf warriors opposed to urban civilization and supernatural corruption all heading towards inevitable apocalypse Werewolf The Apocalypse is set in the World of Darkness a gritty version of our own time where society declines and humans fall victim to supernatural horrors
[31],17475,Star Wars: The Force Unleashed - Tatooine Mission Pack,"[6, 9, 12]",47.663045,R2D2 and C3PO have crashlanded on Tatooine carrying important data that the Apprentice Starkiller must intercept After fighting Jawas Tusken Raiders and Jabba the Hutts minions Starkiller must battle the famed bounty hunter Boba Fett before engaging in a final confrontation with one of the galaxys last remaining Jedi,Artoodetoo and SeeThreepio have crashlanded on Tatooine carrying important data that the Apprentice Starkiller must intercept After fighting Jawas Tusken Raiders and Jabba the Hutts minions Starkiller must battle the famed bounty hunter Boba Fett before engaging in a final confrontation with one of the galaxys last remaining Jedi    This pack is included in the Ultimate Sith Edition
[10],8981,Dash of Destruction,[12],47.65919836481166,Missing,Dash of Destruction also known as Doritos Dash of Destruction is a racing advergame developed by independent software developer NinjaBee for the Xbox 360s Xbox Live Arcade service It was released on December 17 2008 for free The concept originated from gamer Mike Borland winner of Doritossponsored Unlock Xbox competition  The game is regarded as the easiest game to earn all achievements and Gamerscore points out of all XBLA titles released According to Giant Bomb the games twelve achievements can all be easily earned in under 20 minutes The game references this several times in dialogue with the player such as telling players to get their Gamerscore on and to go on a Gamerscore rampage This game is no longer available on the Xbox Live Marketplace but can be redownloaded if it was previously downloaded before it was taken off the Xbox Live Marketplace
"[8, 9, 32]",16242,Defy Gravity Extended,"[6, 12]",47.65124886647119,Missing,Defy Gravity is an action platformer that is a mix between classic platforming and gravity based puzzle solving Kara our heroine has access to a unique gameplay mechanic that she uses to manipulate the world around her She has a gun that is able to alter the laws of physics through the creation of pockets of gravity and antigravity By mastering the use of these abilities Kara is able to augment her jump in order to almost fly past obstacles These powers can also be utilized to move objects that block her path and platforms that Kara stands on in order to traverse the levels
[5],5714,25 To Life,"[6, 8, 11]",47.58501393648443,Missing,25 To Life is a thirdperson shooter video game Set in a modern environment the game allows the player to play as both a cop and a gangster at different times in a cops and robbers style game The game can be played online with up to 16 players using the network adaptor for the PS2 and through Xbox Live for Microsofts Xbox and there is online play for the PC version as well In addition the game features a variety of hip hop songs playing in the background The name of the game comes from a typical indeterminate life sentence that is often given in the United States upon a defendants conviction for a violent felony See the article on parole for more information
"[5, 24]",564,Rogue Warrior,"[6, 9, 12]",47.53695518830193,Missing,Rogue Warrior is a characterdriven firstpersonshooter featuring Richard Demo Dick Marcinkos explosive personality in an actionpacked single player campaign and intense multiplayer combat
[5],1021,Aliens: Colonial Marines,"[6, 9, 12, 41]",47.45527479824663,17 weeks after the events of Aliens a full battalion of Colonial Marines travels to LV426 aboard the USS Sephora in response to a distress call sent by Corporal Dwayne Hicks Upon arrival the Sephora docks with the USS Sulaco now somehow in orbit around LV426 despite last being sighted above Fiorina Fury 161 and sends Marines aboard to investigate A massive Xenomorph infestation is discovered inside the ship and several Marines are killed in the initial onslaught While investigating the ship Corporal Winter Private ONeal and Private Bella Clarison discover WeylandYutani PMCs are now in command of the Sulaco and have been breeding Xenomorphs on board for study  The hostile corporate mercenaries attack the Sephora using the Sulacos weaponry and both ships are destroyed after the Sephora retaliates Winter ONeal Bella their commander Captain Cruz Sephora android Bishop and pilot Lieutenant Reid escape aboard Reids dropship and take shelter in the ruins of the Hadleys Hope colony complex on LV426 which now lies almost completely destroyed after the detonation of its Atmosphere Processing Plant Cruz orders all remaining Colonial Marine survivors to gather at the colony in the hope of holding out until a rescue arrives While investigating the ruins of the colony Winter discovers Xenomorphs that only react to sound and movement and attack by suicidally exploding as well as the corpse of Sulaco Marine Private Hudson  With their position as secure as they can hope to make it Cruz orders Winter to travel to a nearby WeylandYutani research facility set up near the derelict ship and recover a manifest that identifies an unknown prisoner the company has captured apparently a survivor from the Sulaco It transpires that Bella is impregnated with a Chestburster and in an attempt at saving her Winter and ONeal accept the mission and escort Bella to the facility where they intend to convince surviving personnel to remove the embryo However upon arrival an interrogated WeylandYutani medical officer explains to them that Bellas life cannot be saved since even if the embryo is successfully extracted the creatures invasive placenta is cancerous and will kill her anyway Bella dies when the Chestburster hatches while she is saying goodbye to Winter and ONeal  Winter and ONeal recover the manifest they were sent to find and rescue the prisoner revealed to be Corporal Hicks who explains that WeylandYutani intercepted and boarded the Sulaco prior to its arrival at Fiorina 161 A fire in the hypersleep bay subsequently caused Ripley Newt and Lance Bishop to be jettisoned from the ship in an EEV along with the body of an unidentified man who was mistaken for the Corporal Hicks himself was captured by WeylandYutani personnel and subjected to torture during interrogation overseen by Michael Weyland in an attempt to learn more about the Xenomorphs origins and to gain control of the Sulacos weapon systems  From Hicks the Marines on LV426 learn that an FTLcapable ship is docked at the research facility representing the last chance for the survivors to escape the moon After gathering the remaining Sephora personnel and fighting off a Xenomorph attack on the colony Captain Cruz orders an allout assault on the WeylandYutani complex in the hopes of capturing the FTL vessel Winter and Hicks spearhead the advance but the ship leaves minutes before they can reach it In a last desperate attempt Cruz pilots a dropship up to the escaping vessel and crashes into its hangar Winter is confronted by the Xenomorph Queen in the hangar bay and attempts to eject her using a cargo launching system but fails when she climbs back aboard Cruz sacrifices himself when he launches the crippled dropship directly into the Queen propelling both out into the upper atmosphere of LV426  Winter ONeal Reid Bishop and Hicks find and confront Michael Weyland but Hicks deduces he is merely an android double left behind as a decoy and summarily executes him In search of useful intelligence Bishop connects to the destroyed androids CPU and states that he has everything setting the stage for further confrontation between the Colonial Marines and the WeylandYutani Corporation,Buckle up soldier Welcome to Aliens Colonial Marines Created by Gearbox the critically acclaimed and fanfavorite developers of Borderlands and Brothers In Arms you and your friends will become the most badass military outfit in the galaxy  the US Colonial Marines Its up to you to not just survive but wipe out the Xeno infestation
"[5, 12, 31]",180298,Tiny Tina's Assault on Dragon Keep: A Wonderlands One-shot Adventure,"[6, 48, 49]",47.28402740248502,Smash skeletons defeat dragons and battle giant golems in Tiny Tinas Assault on Dragon Keep A Wonderlands OneShot Adventure Experience the acclaimed 2013 quest that started it all in this standalone campaign jampacked with fantasy fun and mountains of magical loot  The Queens been captured and her kingdom is in peril only you and your friends have any chance of restoring peace to this eccentric enchanted land Blast your way through treacherous forests spooky crypts and fearsome fortresses but bewareyour journey can change in an instant on account of Tinas gleefully chaotic whims Dive into this epic tabletop romp and get ready for the fantasy fight of your life,Smash skeletons defeat dragons and battle giant golems in Tiny Tinas Assault on Dragon Keep A Wonderlands OneShot Adventure Experience the acclaimed 2013 quest jampacked with fantasy fun and mountains of magical loot
"[5, 12, 13, 24, 31, 32]",2117,DayZ,"[6, 48, 49]",47.27895551815348,Missing,DayZ is a hardcore openworld survival game with only one rule stay alive no matter what How long can you survive a postapocalyptic world A land overrun with an infected zombie population where you compete with other survivors for limited resources Will you team up with strangers and stay strong together Or play as a lone wolf to avoid betrayal This is DayZ this is your story
"[5, 31]",134073,Mafia III: Definitive Edition,"[6, 14, 48, 49, 170]",47.12206705905003,After Lincoln Clays surrogate family the black mob is betrayed and killed by the Italian Mafia Lincoln builds a new family and blazes a path of revenge through the Mafioso responsible,Mafia III Definitive Edition includes the main game all Story DLC Faster Baby Stones Unturned Sign of the Times and Bonus Packs Family KickBack Pack and Judge Jury  Executioner Weapons Pack bundled in one place for the first time
"[5, 10, 12, 13, 31, 32, 33]",91970,Desert Child,"[3, 6, 14, 48, 49, 130]",47.05153617443013,Missing,In Desert Child you are a young and talented hoverbike racer who needs to figure out how you can scrape enough cash together through racing and odd jobs to punch your one way ticket to the Red Planet to enter the biggest race in the universe the Grand Prix
"[25, 31]",5821,Eragon,"[6, 8, 11, 12, 20, 24, 38]",47.05087954948416,Missing,Eragon is a thirdperson video game released for the PC PlayStation 2 Xbox and Microsoft Windows developed by Stormfront Studios Also released are unique versions of Eragon for the Game Boy Advance Nintendo DS PSP and mobile phone handheld gaming systems primarily developed by Amaze Entertainment1    The game is based upon the Eragon film which is in turn loosely based on the book Eragon by Christopher Paolini The games were released on November 14 2006 in the United States of America on November 24 2006 in European2 and on November 23 2006 in Australia3 in order to coincide with the release of the film In the game the player takes on the role of the protagonist from the book and film Eragon and occasionally controls his dragon Saphira    The game was generally received poorly by critics usually receiving press averages around the 46 out of 10 region or the equivalent45 The combined sales in North America were over 400000 copies6
[25],19967,Teenage Mutant Ninja Turtles,"[5, 12, 37]",47.0,One night while the four Turtles are on the rooftops of New York they are ambushed by Foot Soldiers Later they find out  with the help of April  the Foot Soldiers have built a Mutagen bomb to mutate the entire New York city After the brothers have defused the bomb the Turtles get a call from Aprils cell phone which has been hijacked by Shredder He has kidnapped April and demands that the Turtles bring him Splinter,Teenage Mutant Ninja Turtles is a 2013 video game published by Activision and developed by Magic Pockets based on the 2012 Teenage Mutant Ninja Turtles TV series It was the first video game to be based on the Nickelodeon show featuring several villains from the shows first season The digital versions of the game alongside other Teenage Mutant Ninja Turtles games published by Activision were pulled from all digital storefronts in January 2017 as they chose not to renew the license  The Nintendo 3DS version was later bundled on a single cartridge with Teenage Mutant Ninja Turtles Danger of the Ooze and was released as Teenage Mutant Ninja Turtles Master Splinters Training Pack on November 3 2015 by Abstraction Games
[10],3959,The Italian Job,"[8, 11, 21]",47.0,Missing,Charlie Croker and his gang are left for dead in Venice after being doublecrossed during one of the biggest gold heists ever You must take on the role of Charlie and his gang members in their quest for revenge and the gold Based on the film The Italian Jobs story mode challenges you to create the largest traffic jam in LA history and then escape in supercharged Mini Coopers Master four other actionpacked modes including stunt driving circuit racing and multiplayer modes for up to two players
[10],3918,Freaky Flyers,"[8, 11, 21]",47.0,Missing,Freaky Flyers is an air racing video game developed internally by Midway San Diego for Xbox and PS2 while the GameCube version was developed by Point of View Inc and published by Midway Games
"[11, 12, 13, 15, 31, 32]",22689,Sunless Sea: Zubmariner,"[3, 6, 14, 48, 49, 130]",46.41071782916507,Missing,Lose your mind Eat your crew Dive Take the helm of your zubmarine and set sail for the unknown Zubmariner is the first expansion to Sunless Sea deeper darker and more marvellous than anything youve seen before  All the powers of the Neath agree there is Nothing of Consequence beneath the Zee They are lying Youve heard there are fortunes to be made by those brave enough  or hungry enough  to dare the deeps  Disturb the aberrant societies that flourish in the dark Defy wreckers Seduce a Drownie Embrace or condemn the distinctly unBritish customs of these cold fathomless places  You will definitely die Will your next captain dive
"[9, 10, 31, 32, 34]",24463,Wheels of Aurelia,"[3, 6, 14, 34, 39, 48, 49, 130]",46.16128284047007,Missing,A narrative road trip game set in the roaring Italian 70s it tells the story of Lella a restless woman driving on the roads of the western coast of Italy the famous Via Aurelia This is an interactive fiction in the shape of an isometric driving game and with a focus on replayability every playthrough lasts about fifteen minutes and there are sixteen different endings to discover
"[10, 14]",3826,BMX XXX,"[8, 11, 21]",46.14159157446485,Missing,BMX XXX is a 2002 video game published by Acclaim Entertainment under their AKA Acclaim banner for the Xbox Nintendo GameCube and PlayStation 2 and developed by ZAxis While primarily a BMXbased action sports title it earned most of its notoriety for containing nudity foul language and adult humor The game allows the player to create female characters that are fully topless and view liveaction video clips of real life strippers also with bare breasts Consequently BMX XXX was initially denied classification in Australia In North America while the game is available uncensored on the GameCube and Xbox all naked breasts are covered in the PlayStation 2 version While the adult content garnered a great deal of publicity for the game it was almost entirely negative and it was eventually released to dismal reviews and poor sales
"[15, 16]",6012,Robin Hood: Defender of the Crown,"[6, 8, 11]",46.0,Missing,It is a time of great unrest in England With King Richard the Lionheart held for ransom the evil Prince John seizes the throne and declares himself the King of England The entire nation soon falls into civil war as greedy nobles war amongst themselves and Prince John sends forth armies to shackle the country under his unjust rule  In this time of lawlessness only an outlaw can lead the people to freedom One man the embodiment of true honor vows to save his people and restore peace to the land This man is known as Robin Hood From the smallscale skirmishes with the Sheriff of Nottingham in Sherwood Forest Robin finds himself drawn into the larger the battlefields of England and the hero of the poor must become the savior of an entire nation
[14],5957,NCAA Football 2005,"[8, 11, 21]",46.0,Missing,NCAA Football 2005 is an American college football video game which was released on July 15 2004 It is the successor to NCAA Football 2004 in the NCAA Football series The product features former Pittsburgh Panthers and current Arizona Cardinals standout wide receiver Larry Fitzgerald on the cover The game is the NCAA Football series released by EA Sports This would be the final game in the NCAA Football series to be released on the Nintendo Gamecube
[14],776,Madden NFL 2003,"[6, 8, 11, 21]",46.0,Missing,Madden NFL 2003 is an American football video game It features thenreigning 3 time NFL Offensive Player of the Year and former St Louis Rams running back Marshall Faulk on the cover This edition of Madden was the first to feature EA Trax
[4],7728,Sonic the Fighters,"[8, 9, 12, 21, 49, 52]",45.98122690388489,Missing,Sonic The Fighters is an arcade fighting game in the Sonic the Hedgehog series The game was ported to Sonic Gems Collection for the Nintendo GameCube and PlayStation 2 under its original title in all versions A digital highdefinition port of Sonic the Fighters was also released for the Xbox 360 and PlayStation 3 on November 2012 As of April 2016 the Xbox 360 version of Sonic the Fighters is compatible with Xbox One
[5],7232,Velvet Assassin,"[6, 12, 14]",45.81585282099294,Missing,Inspired by the fascinating story and unbreakable spirit of British secret agent Violette Szabo players take control of Violette Summer a beautiful World War II spy deep behind enemy lines with no support or official backing from the British Government Intense stealth action game play with a startling realtime lighting system and surreal visuals combine to produce an incredible gaming experience Through third person game play sneak up on enemies and pull the pins from their belted grenades Infiltrate a Gestapo prison and slip cyanide to your own men before the Germans make them talk And slink through the shadows to finish off your unsuspecting enemies with a single silent move Through Violettes fever dreams experience what she experienced Walk where she walked And kill those she killed
"[13, 15, 32]",19934,Riot: Civil Unrest,"[3, 6, 14, 48, 49, 130]",45.76353326979306,Missing,As civil crisis deepens and inequality tears the very fabric of society the discontentment of the masses manifests itself in violent public disturbances and civil disorder Play as the police or the angry horde as Riot  Civil Unrest places you in some of the worlds most fractious disputes
"[2, 31, 32]",55198,Kentucky Route Zero: TV Edition,"[48, 49, 130, 167, 169]",45.64971273460564,Missing,Kentucky Route Zero is a magical realist adventure game about a secret highway in the caves beneath Kentucky and the mysterious folks who travel it Gameplay is inspired by pointandclick adventure games like the classic Monkey Island or Kings Quest series or more recently Telltales Walking Dead series but focused on characterization atmosphere and storytelling rather than clever puzzles or challenges of skill  The game is developed by Cardboard Computer Jake Elliott Tamas Kemenczy and Ben Babbitt and features an original electronic score by Ben Babbitt along with a suite of old hymns  bluegrass standards recorded by The Bedquilt Ramblers
"[5, 32, 33]",43367,Rico,"[6, 48, 49, 130]",45.35110872692896,Missing,Rico is an arcadestyle firstperson shooter inspired by modern action cinema In the game you and a friend play as a pair of loosecannon police partners given twentyfour hours to crack a case as part of an elite organised crime taskforce  Planning is tactical rather than strategic players must react in the moment to shootouts as they unfurl with additional extra time to assess the situation if they are able to surprise their adversaries Ammo and enemies are plentiful and combat is punchy and impactful supported by an extensive destruction system that ensures every shot looks and feels great
"[9, 12, 15, 31, 32]",18167,Hello Neighbor,"[6, 34, 39, 48, 49, 130, 170]",45.27673787560608,In Hello Neighbor the player finds themselves moving into a new house across the street of a mysterious neighbor who seems to be keeping a secret in his basement The players task is to break into the neighbors home and gather items needed to unlock and access his basement As the player explores the neighbors house he must not be spotted by the neighbor or he will be chased down and if the player is not quick enough to escape caught If the player is caught he will be sent back to his own house and will have to break in again,Hello Neighbor is a stealth horror game about sneaking into MrPetersons house to figure out what horrible secrets hes hiding in the basement You play against an advanced AI that learns from your every move Really enjoying climbing through that backyard window Expect a bear trap there Sneaking through the front door Therell be cameras there soon Trying to escape The Neighbor will find a shortcut and catch you
"[14, 31]",17766,Duck Dynasty,"[6, 9, 12, 48, 49]",45.0,Missing,Take on the role of Willies son John Luke as he learns how to become one of the Robertson men Interact with Willie Uncle Si Jase and the rest of the family from the hit TV show Duck Dynasty Go duck hunting varmint shooting offroading and play office pranks in the Robertsons hometown of West Monroe LA Will you learn the way of the beards
"[13, 14]",10627,MVP Baseball 2004,"[8, 11, 21]",45.0,Missing,EA takes its MVP Baseball franchise to the next level in 2004 Features realistic player models historic ballparks and players full EA Sports Bio compatibility and an enhanced franchise mode The allnew Advanced Hitting Control lets you place the bat where you want it Control the field as you leap over the wall to rob home runs hook slide into 3rd or barrel over the catcher at home Manage your teamfrom the minors to the prosand take your ball club to win the World Series    Groundbreaking hitting control makes it possible to pull the ball down or swing for the fences  all swing types included  Total control on the field  Leap over the wall and rob home runs hook slide to avoid tags and take out the catcher at home  Pick a park  each stadium has its own personality from unique crowd chants to personal lighting  Control your franchise on every level  play the game or become a manager  take players from the minors to the pros
[7],7164,Rock Revolution,"[5, 9, 12]",45.0,Missing,Rock Revolution lets you release your inner rockstar or allows your friends the privilege of picking up an axe or pounding the skins with you to 41 mind bending rock tracks Unleash your creative juices in the Studio Mode where you can create your own music in a state of the art multitrack studio This is the musical revolution the world has been waiting for
"[7, 31]",4912,High School Musical 3: Senior Year Dance,"[5, 6, 8, 12, 20]",45.0,Missing,High School Musical 3 Senior Year DANCE lets fans experience the energy fun and music of all three High School Musical movies Players can dance to the beat of favorite High School Musical songs in familiar movie locations alongside their favorite characters
[31],4086,Reign of Fire,"[8, 11, 21]",45.0,Missing,Based on the movie Reign of Fire lets you play as either a human or a dragon in an epic battle As a human youll take the role of a resistance fighter whos trying to defend the last remaining humans from attack You must make your way to the site of the sole male dragon using a variety of wellequipped vehicles and hightech weaponry
"[10, 13]",3983,Lotus Challenge,"[6, 8, 11, 21]",45.0,Missing,Racing game featuring 37 cars licensed by Englands prestigious manufacturer from vintage roadsters to hightech concept cars designed by Lotus Engineers exclusively for the game Players compete on 15 race tracks ranging from highly detailed realworld city locations to exhilarating custom circuits and speedways The game features five modes In addition to standard racing challenges Lotus Challenge there is also an innovative Story mode requiring the player to perform a variety of stunts missions and challenges  weaving through oncoming traffic to escape the paparazzi hillclimbs on treacherous snowy alpine tracks being filmed jumping lines of school buses for adverts and many others The GameCube version previously referred to as Lotus Extreme is based on the Motor Trendlicensed game of the same name on Xbox
[14],3906,ESPN MLS ExtraTime 2002,"[8, 11, 21]",45.0,Missing,Missing
"[8, 31]",2861,Scooby-Doo! Mystery Mayhem,"[8, 11, 21]",45.0,Missing,Mystery Mayhem is a multiplatform release featuring the cartoon detectives and their favorite canine coward
"[5, 31]",165346,Saints Row,"[6, 48, 49, 167, 169, 170]",44.96058358496771,As the future Boss with Neenah Kevin and Eli by your side youll form The Saints  and take on Los Panteros The Idols and Marshall as you build your empire across the streets of Santo Ileso and battle for control of the city Ultimately Saints Row is the story of a startup company its just that the business The Saints are in happens to be crime  Experience the biggest and best Saints Row playground ever created the unique sprawling world of Santo Ileso is the backdrop for a wild larger than life sandbox of thrilling side hustles criminal ventures and blockbuster missions as you shoot drive and wingsuit your way to the top,Welcome to Santo Ileso a vibrant fictional city in the American Southwest In a world rife with crime a group of young friends embark on their own criminal venture as they rise to the top in their bid to become Self Made
"[15, 16, 35]",81444,Magic: The Gathering - Duels of the Planeswalkers,"[6, 9, 12]",44.95496697193022,Missing,Magic The Gathering  Duels of the Planeswalkers is a video game based on the popular collectible card game of the same name published by Wizards of the Coast
"[2, 13, 15, 31, 32]",186882,Beholder 3,"[6, 48, 49, 130, 167, 169]",44.85981308411215,Missing,When a highranking security officer saves you from prison you end up a pawn in her schemes Now you must eliminate anyone standing in the way of her secret plans and try to get your life back while working two jobs No tenant employee or superior is safe from your spying
"[12, 31]",19851,Anima: Gate of Memories,"[3, 6, 14, 48, 49, 130]",44.82456140350877,Missing,Anima Gate of Memories is a third person action RPG that tells the story of two beings bound by an unwilling pact an ancient monster and a girl who lost her past Anima is mostly focused on combat and exploration but it also has deep roleplaying elements
"[12, 15, 31, 32]",9921,Convoy,"[3, 6, 14, 48, 49, 130]",44.78979831569806,Missing,Convoy is a tactical roguelikelike inspired by Mad Max and FTL in which you cross a wasteland in search of parts for your broken ship  Presented in pixel art and set in a future postapocalyptic setting Convoy is a squad based tactical roguelikelike in its core You travel with your combat vehicles and convoy across a wasteland to find parts needed to repair your broken spaceship During your journey you will encounter strangers in randomized scenarios by picking up radio signals  Depending on the choices you make signals can either lead to tactical combat text based dialogue or chance based roleplay Whatever choice you make you need to keep your convoy and its cargo safe from raiders privateers and other enemies Keep upgrading your vehicles as death is permanent in Convoy
"[5, 9, 31]",7018,Infernal,"[6, 12]",44.61881505501224,Missing,Every thousand years a very rare planetary alignment makes Earth invisible to the Boss of the Bosses Secret agencies of Heavens and Hells fighting each other for human souls stop obeying any rules at all during that time And even though Hells agency traditionally does not obey rules the balance between good and evil becomes gravely endangered when their opponents from Heaven also stop observing the rules Dark Eaville is on a mission to stop Heavens agency and bring back the delicate balance between good and evil
[5],8949,God Mode,"[6, 9, 12]",44.6067415730337,Missing,Do you like running How about gunning What if special abilities are thrown into the mix Upgradable weapons Lets say therere dozens of onscreen enemies to unleash this firepower on and as your reward for dispatching them you get experience and gold to collect that can be used for character customization and new equipmentall the while playing alongside friends in 4player cooperative play If you like the sound of all this then youll love God Mode    Retro shooter action and RPG elements are combined in this new downloadable thirdperson shooter God Mode combines nonlinear gameplay fast and frantic shooting hordes of onscreen enemies a fully functional online coop mode and features visuals and gameplay that rival that of a fullpriced boxed title Matches rarelyif everplay out the same as dozens of ingame modifiers can significantly alter the gameplay on the fly Characters are fully customizable both in appearance and equipment which continually evolve Gold and experience are constantly accrued and used to unlock new and satisfying weaponry and unique powerful abilities both of which can be further upgradedKey FeaturesCooperative multiplayer for up to 4 players with special PvP locations Collect gold and experience to unlock upgradable weapons and abilities Extensive character customization Dozens of Tests of Faith ingame modifiers dynamically alter gameplay in each level
"[10, 13, 14, 32, 33]",19887,Super Night Riders,"[3, 6, 14, 48, 49, 130]",44.47140613377583,Missing,Super Night Riders is a modern arcade racing game inspired by the retro classics You are Alice a beautiful and talented motorcyclist known as the Red Rider In this game your position in the race does not matter Its all about traveling as far as possible while dodging the rival riders and reaching each checkpoint before the timer hits zero All the races starts during the day and continue through the night right up until sunrise The game features 2 visual styles Super and Classic Ride through 36 beautiful stages in 6 challenging courses
"[5, 31, 32]",152067,The Anacrusis,"[6, 49, 169]",44.46043165467626,In the distant future mighty corporations have carried humanity to the fringes of the galaxy After expanding unfettered across tens of thousands of systemsall devoid of intelligent lifehumanity has grown complacent until disaster strikes Work together and survive the alien hordes  The first season of The Anacrusis tells the story of four unlikely survivorsNessa Guion Liu and Lancewho are unwilling combatants in the battle to defend humanity from the alien menace Play more and unlock more of the unfolding mystery of the alien attack,The Anacrusis is a fourplayer cooperative firstperson shooter set aboard a massive starship stranded at the edge of explored space Team up with your friends in an infinitelyreplayable fight against alien hordes to unlock perks weapons and new ways to play that you can share with your team
[31],19648,Madagascar 3: The Video Game,"[5, 9, 12, 20, 37]",44.28332403792527,Missing,In Madagascar 3 The Video Game players must help Alex the Lion Marty the Zebra Gloria the Hippo and Melman the Giraffe find a way home while working for a traveling circus In single or two player coop mode players will travel across Europe to promote the circus by completing challenging and zany missions given by the Penguins performing amazing publicity stunts on some of Europes most notable landmarks and dazzling the crowd with fun circus acts fit only for a Madagascarstyle circus extravaganza
[14],4038,NCAA College Basketball 2K3,"[8, 11, 21]",44.0,Missing,NCAA College Basketball 2K3 is an American college basketball video game which was initially released on December 2 2002 for the Xbox PS2 and GameCube It is to this day the only title in the series that uses the College Basketball designation rather than College Hoops It is also the only title for the series to appear on the GameCube and the GameCubes only college basketball game It features former Duke Blue Devils guard Jay Williams on the cover This game was released in very limited quantities and is one of the more difficult GameCube titles to find1
"[9, 13, 15, 32]",24396,Big Pharma,"[3, 6, 14, 48, 49, 130]",43.8686859363701,Missing,What if you had it in your power to rid the world of disease to improve the lives of millions to ease suffering and cure the sick and earn a tidy profit As the head of your own Pharmaceutical Conglomerate you have this power resting in your hands Will you use it for good
"[5, 10]",18395,Mafia II: The Betrayal of Jimmy,"[6, 9, 12]",43.8377665322803,Missing,The Betrayal of Jimmy offers a more arcadelike gameplay while still maintaining the basic structure style and controls as Mafia II Players earn points for doing certain actions such as fast driving killing enemies and destroying vehicles In addition unlike the base game this DLC features online leaderboards
"[15, 31, 32]",43178,Idle Champions of the Forgotten Realms,"[6, 14, 48, 49, 130]",43.66070569381719,Missing,Idle Champions of the Forgotten Realms is a Dungeons  Dragons strategy management game uniting characters from throughout the DD multiverse into a grand adventure
"[14, 33]",1382,Tony Hawk's Pro Skater HD,"[6, 9, 12]",43.61464110881501,Missing,Tony Hawks Pro Skater HD takes the best elements of the classic THPS games and gives them a fresh update to create an all new skateboarding experience
"[13, 32]",15746,Who's Your Daddy,"[3, 6, 14, 49]",43.57362828771453,Missing,Whos Your Daddy is a casual 1 on 1 video game featuring a clueless father attempting to prevent his infant son from certain death
"[12, 25, 31, 32]",18148,Wolcen: Lords of Mayhem,"[6, 48, 49, 167, 169]",43.36362022575472,Missing,An isometric open world actionRPG Shape shift into a highly customized character Crush your foes get loots build your house and dungeon to challenge other players  Wolcen Lords of Mayhem melds muchloved hackandslash gameplay with stateoftheart graphics and underpins it all with a truly modern AI Inspired by the classic Diablo 2 game Wolcen Lords of Mayhem aims to deliver an intense and rich action RPG game Personalization of your character build is free deep and highly customizable and many secret are hidden in the world  An isometric open world actionRPG in a corrupted world falling apart You are a former officer of army of the Human Republic forced to flee the death penalty because of the magic powers you have unwillingly developed Being tracked down by humans and hunted by the monsters of the Wild you are recruited by a mysterious group of Templars And thus an epic adventure begins in which you will wander the world to fight inhuman mutated monsters and discover the terrible secret of the extinguishing mankind  The game features a unique mechanic called Apocalyptic Form that allows players to shape shift into a highly customized character Youre free to mold your character thanks to a deep and rich customization system And thanks to our complex crafting minigame and our housing module you will be able to make your adventure feel as YOUR adventure
"[5, 15, 24, 31]",15691,Alekhine's Gun,"[6, 48, 49]",43.34491549063249,The plot features around historical events such as the Bay of Pigs Invasion and the assassination of US President John F Kennedy,Alekhines Gun takes you deep into the tense complex heart of the mid20th century Eastern Bloc conflict where youll encounter doublecrossing treachery and looming nuclear threats Unravel the conspiracy Uncover the truth Save the world
"[8, 31, 32]",15325,Woodle Tree Adventures,"[3, 6, 14, 49, 130]",43.2399421451245,Missing,An old school platform game with a catchy and unique art style You will find all the classical elements from the 90s games and new interesting ideas Explore a total of 6 worlds and save the lands bringing back peace and balance and finally becoming the new hero
"[13, 15, 16]",7206,Battle Worlds: Kronos,"[3, 6, 14, 34, 39, 48, 49, 130]",43.2,Missing,Have you ever asked yourself what a classic turnbased strategy game like Battle Isle or Panzer General would look like today What modern technology and graphics would add to such a game Well we actually did and as a result we decided to bring back this great genre with its unique gameplay experience We did this for you for ourselves and for all the other gamers out there who are into turnbased strategy games We developed this game together with you the players We organized the development as transparent as possible This means that we regularly created new versions of the game that were available to everyone who preordered the game or backed it on Kickstarter You were able to test it and share your feedback improvement suggestions and wishes in the forum  Anyone interested was able to discuss with us in the forum and help make Battle Worlds Kronos the best game that we could develop together  Be part of the community and join the forum  GAME FEATURES  The good stuff  True  challenging turnbased strategy gameplay for experienced gamers  Single Player Campaigns  Fight for the Yerla faction and command a hightech army For the Rebels the Residents deal the biggest damage with what youve got and fight a guerilla war against the invading forces Combined the two campaigns offer you more than 30 thrilling hours of gameplay  Single Player Challenge Maps  Single Player Challenge Maps  Test your skills in different combat scenarios and keep track of your progress  Live Multiplayer  Battle your friends live on the internet or via hotseat  Asynchronous Multiplayer  Take all the time you need and consider your moves Similar to playbymail after your round the game is stored on our server and then turned over to your opponent The system allows you to continue the match anytime and anywhere you want  Strong AI  A clever AI that considers gameplay on various tactical and strategic levels as well as individual enemy characteristics will challenge even experienced commanders  Community  We hope there will be a vibrant community using the games ladder system and enjoying regular tournaments  Variety  Around 40 different infantry ground naval and airborne units as well as buildings many of whom can be upgraded to obtain new capabilities  Map Editor  A powerful editor Windows only to create your own maps and missions  A fair deal  No freetoplay scheme no DLC ripoff no DRM  Free choice  The game is available for PC Mac and Linux and will be playable in all relevant browsers
"[5, 31]",90081,Far Cry 5: Dead Living Zombies,"[6, 48, 49]",43.12829815916152,Missing,Survive the horrors of Dead Living Zombies the final DLC pack for Far Cry 5 Team up with a friend and smash your way through ravenous zombie hordes in 7 thrilling cinematic scenarios  7 ZOMBIEMOVIE THEMED MAPS Picture this zombies and Far Cry combine in overthetop cinematic mayhem  Experience 7 actionpacked movie scripts as pitched by director Guy Marvel  Fight the living dead across city rooftops farmland military bases and more  NEW ZOMBIE ENEMIES Come face to face with the walking running and thundering dead  Take down waves of zombies from agile Gougers to explosive Hot Heads and powerful Behemoths  SCORE ATTACK Challenge your best score to perfect each map  Unlock Score Attack mode for each map and surpass the best score to earn one two or three stars  A 3star rating unlocks weapons and gear you can bring back to the main campaign  Also available in the Far Cry 5 Gold Edition and Season Pass
"[4, 31]",20089,Kung Fu Panda: Showdown of Legendary Legends,"[3, 6, 9, 12, 37, 41, 48, 49]",43.09185494110964,Missing,The lovable martial arts panda bear Po and his many friends and adversaries in the Valley of Peace will face off in the ultimate martial arts challenge  the firstever Kung Fu Panda Showdown of Legendary Legends Kung Fu Panda Showdown of Legendary Legends will bring fans a fresh and fistpumping way to experience DreamWorks Animations beloved franchise with explosive fastaslightning action With a variety of challenging multiplayer levels familiar film locations and 20 playable fanfavorite Kung Fu Panda characters the game will appeal to gamers who like their brawler games served up with a side of laughter
[14],5955,NCAA Football 2003,"[8, 11, 21]",43.0,Missing,NCAA Football 2003 released for the PlayStation 2 Nintendo GameCube and Xbox featured University of Oregon quarterback Joey Harrington on the cover  New features in this version included over 200 licensed fight songs 3D cheerleaders and 144 different schools  Dynasty mode was enhanced with the ability to redshirt a player and schedule nonconference games before each season Trophies and awards modeled after reallife college football awards was another feature new to this version Players could win trophies by playing games and could add them to a personal collection which is shown off in a trophy room These awards include the Heisman Coach of the Year and Bowlspecific trophies The game featured 23 different rivalry trophies that were created to represent their reallife counterparts  CreateASchool mode returned in this edition of the game after being absent from the previous year The game also featured a customizable interface for the first time A player could choose his or her favorite team and the game interface would be based around that teams fight song mascot logos and school colors
"[5, 31]",4013,Mission: Impossible - Operation Surma,"[8, 11, 21]",43.0,Missing,Ethan Hunt and the Impossible Mission Force IMF are brought into an investigation of a shady international corporation known as SURMA that is in possession of a highly advanced computer virus known as Ice Worm It has the power to break through any type of security system and could lead to the theft of any data ranging from nuclear weapons specs to intelligence of any government When their own operations are sabotaged Ethan and the IMF team find out that their secure databases have been hacked and that their enemies are now in possession of some of their deepest darkest secrets The team must find this worm to protect global internet security
[25],4012,Minority Report: Everybody Runs,"[8, 11, 21]",43.0,Missing,The year is 2054 and you are Precrime Officer John Anderton head of an elite police force division that can apprehend murderers before the crime can be committed Everyone thought the system was perfect until a precrime report lists you as the prime suspect Now youre on the run through 40 futuristic levels filled with both human and robot enemies in a mission to clear your name With an arsenal of weapons handtohand combat skills and a Jetpack that allows you to fly through levels its up to you to stop an evil conspiracy before its too late
[5],502,Brink,"[6, 9, 12]",42.85944352175697,Missing,Brink is an immersive firstperson shooter that blends singleplayer coop and multiplayer gameplay into one seamless experience allowing you to develop your character whether playing alone with your friends or against others online You decide the combat role you want to assume in the world of Brink as you fight to save yourself and mankinds last refuge Brink offers a compelling mix of dynamic battlefields extensive customization options and an innovative control system that will keep you coming back for more
[5],5900,Land of the Dead: Road to Fiddler's Green,"[6, 11]",42.40749145769215,Missing,Based on the feature film from George A Romero this new chapter in the Living Dead series is a fullfeatured firstperson shooter video game sets players in the midst of a gruesome adventure in which they battle to save themselves  and a diminishing living population  from an army of the dead bent on spreading a zombie plague Developed by Brainbox Games a Digital Extremes Studio and using the Unreal Engine the game features terrifying zombies frightening effects an immersive storyline and key environments seen in the film Gamers can also join intense bonechilling multiplayer battles against the dead on Xbox Live
[5],129871,Fortnite: Season 9,"[6, 48, 49]",42.0,Missing,The volcano has erupted and forever changed some long lasting locations  from the ashes Neo Tilted rises Grab the squad to explore the bright lights of new attractions like Peelys Banana Stand and Nugget Hut Catch a ride and quickly traverse areas by flying in and out of the new Slipstream wind transportation system Use the new Air Vents to quickly navigate from building to building Take a glide over to the new Mega Mall to do some shopping before the storm hits The future is yours in Season 9
[5],129870,Fortnite: Season X,"[6, 48, 49]",42.0,Time is twisted and the Zero Point has become volatile in Season X Whether youre nostalgic for the past or excited for the future there will be plenty for you to discover all Season long Locations once thought to be lost have begun to appear on the island but they arent the same as they once were  Board the Battle Bus and drop in but keep an eye to the skies to spot the new Season X mech vehicle the BRUTE Crashing on the island as the Battle Bus takes off these merciless mechs seat two players and works best with a partner so grab a squadmate hop in load up and roll out,A new Season also means the debut of the Season X Battle Pass Over 100 exclusive rewards are ready for you to unlock and it still costs the same 950 Vbucks This time around youll get the XLord and Catalyst Outfits instantly when you purchase the Battle Pass As you level up youll unlock rewards like dual pickaxes emotes loading screens Outfit styles and more At Tier 100 youll unlock the hulking Ultima Knight Outfit  New to this Seasons Battle Pass are Missions Unlock rewards by completing a series of thematic objectives that will send you on adventures across the Island  Lastly is the ability to gift the Battle Pass to a friend
[14],11557,All-Star Baseball 2003,"[8, 11, 21]",42.0,Missing,The AllStar Baseball baseball video game series was developed and published by Acclaim Entertainment The series began in 1997 with the release of AllStar Baseball 97 Featuring Frank Thomas the successor to Frank Thomas Big Hurt Baseball New York Yankees playbyplay announcers John Sterling and Michael Kay were the announcers for 19982000 editions of the game The final release in the series due to the bankruptcy of Acclaim is AllStar Baseball 2005  Within the individual games there are several different modes of play such as exhibition managing an existing Major League Baseball team or creating a team Many North American cities are available for expansion in addition to Mexico City and Puerto Rico  Most of the games feature Derek Jeter on the cover
"[4, 25]",71455,Ben 10,"[6, 48, 49, 130]",41.78342408858056,Missing,Ben Gwen and Grandpa Max once again have their crosscountry road trip in the Rust Bucket cut short by super villains and their evil worldthreatening plans As Ben Tennyson its up to you to save the world Take on some of Bens most infamous enemies including Zombozo Queen Bee and the Weatherheads Unlock and transform into all ten of Bens incredible alien forms Use each aliens powerful combat moves to lay the beatdown on enemies with devastating combos and solve puzzles with each aliens unique abilities as you unravel exciting new stories in three allnew playable episodes
"[4, 32, 33]",23993,Marooners,"[3, 6, 14, 48, 49, 130]",41.70545524651487,Missing,Play a mix of fun party games as you switch back and forth between them Can you handle the chaos Join your friends both on the couch and online while sadistically laughing at their misfortune Run jump and slap your way to victory
"[8, 25, 31]",136659,Ben 10: Power Trip,"[6, 48, 49, 130, 167, 170]",41.7002838740671,Missing,Ben and his family are enjoying their European vacation until evil magician Hex unleashes the power of four mysterious crystals Only Ben 10 can break the curse  so get ready to transform into powerful aliens to battle enemies solve puzzles and freely explore an exciting 3D world Its hero time With Gwen and Grandpa Max on your side all the humor and rivalry from the Cartoon Network show is here And since four arms are better than two Kevin Levin is along for the adventure in local splitscreen coop This is one Power Trip youll want to take again and again Its hero time
"[31, 32, 34]",10989,Three Fourths Home,"[3, 6, 14, 46, 48, 49, 130]",41.54328425891837,Missing,In her mid20s Kelly has been forced to move back to Nebraska Back to that flat expanse that seemingly endless sea of rustling cornstalks peppered by rusty silos and rustier towns A typically intense Midwestern storm is approaching while Kelly is out she needs to get home  Three Fourths Home is a visual short story in which you assume the role of Kelly during her drive through the storm In the 20 miles between her grandparents crumbling barn and her parents home she receives a phone call from her mother While driving through a stylized representation of rural Nebraska you must navigate an extended conversation between Kelly and her parents and younger brother  Three Fourths Home takes a look into a specific moment of these characters lives and their relationships with one another The narrative touches on a variety of issues affecting Kelly and her family including disability adulthood and familial obligation
"[25, 31]",15529,Batman: Arkham Knight - Catwoman's Revenge,"[6, 48, 49]",41.32426250078193,Some time after Batmans disappearance Catwoman eager for revenge against The Riddler for holding her hostage finds the location of Riddlers HQ located in Winslows Toy Shop After obtaining the necessary key cards and knocking out the guards Catwoman unlocks the hidden entrance to Riddlers robot factory hidden beneath the shop At the same time Riddler still incarcerated at the Gotham City Police Department attempts to communicate with his factorys AI system in order to command his Riddlerbots to free him which he feebly disguises as a call to his lawyer Catwoman taunts him over the phone detailing her plan to steal his money and destroy his factory as payback for his actions against her Furious at this notion Riddler activates the factorys security measures including Riddlerbots lasers an electrified floor and a giant buzzsaw device similar to ones used in other traps of Riddlers After evading the traps and destroying the robots Catwoman reaches Riddlers main computer and proceeds to empty his accounts before activating the factorys selfdestruct sequence leaving an irate Riddler stuck in jail to be tasered by Cash who has caught on to Riddlers antics,Set after the events of Arkham Knight prowl the night as Catwoman as she seeks her revenge on the Riddler with this story pack Includes 2 AR challenge maps
"[5, 31]",117509,XIII,"[6, 48, 49, 130, 167, 169]",41.17850723618665,The country is still in shock after the assassination of President Sheridan You wake up wounded without any memory on a deserted beach of the west coast The only clues to your identity are the number XIII tattooed near your collarbone and a locker key Despite your amnesia you discover that you have the reflexes of a fully trained professional fighter You take the road seeking for pieces of your past finding out that you played a role in the murder of the President of the United States and uncovering the most horrific conspiracy in the entire history of the country,A remake of the XIII game from 2003 The game is a firstperson shooter where you play as Thirteen a talented soldier who lost his memory and has been accused of killing the President of the United States You first wake up injured and amnesic on Brighton Beach with the only clue being a small key and a mysterious tattoo XIII next to your clavicle Its now your job to search for answers through a 34 levels solo campaign Dont worry you will find the appropriate weapon arsenal along the way With questions not missing neither are the bullets
"[13, 14]",22303,UEFA Champions League 2004-2005,"[6, 8, 11, 21]",41.0,Missing,The Champions League where the player leads one team to the Final in the Atatrk Olympic Stadium in Istanbul in the quest to succeed FC Porto as European Champions is one of the available modes but not the most important That honour goes to the The Season mode where the player starts by creating his managing avatar and then proceeds to a a series of 50 missions with the first being a close lastweek match against a Champions League spot rival proceeding with a buyout of the club and increased expectations and hopefully closing with the Champions League final This mode also allows players to unlock additional features such as balls a stadium and special exhibition modes by fulfilling objectives set by the club president during the season some of them crucial matches which can result in a sacking if failed others simply a matter of balancing the squad Other modes include the usual friendlies home and away a twolegged friendly scenarios where the player can create situations such as a defending a 10 nil for 45 minutes while two man down and practice
"[13, 14]",11558,All-Star Baseball 2004,"[8, 11, 21]",41.0,Missing,The 2004 installment in Acclaims longrunning baseball series The game features more than 80 new features and improvements including a deeper more customizable franchise mode The biggest change comes in the interface You still hit the same buttons to swing bunt steal and field but the batting cursor has been visually altered Its still the same triangle shape as before just with a different outline Bunting is more unique though Instead of aiming the cursor when you go to bunt a large arrow points on the ground Aim your bunt in the desired direction and hope for the best Fielding has also received a slight change with the ball cursor changing color Four up to four players
[14],4039,NCAA College Football 2K3,"[8, 11, 21]",41.0,Missing,Its time to hit the turf and get ready for another round of NCAA football action NCAA College Football 2k3 is here and its full of updated rosters teams and stadiums to fulfill all of your college football needs Play as your favourite upandcomers with a friend to see whos the best NCAA College Football 2k3 is here for the Microsoft Xbox and its go time Hut hut
[9],3903,Egg Mania: Eggstreme Madness,"[8, 11, 21]",41.0,Missing,As an Eggo builder its your job to sort and organise airdropped puzzle pieces to assemble platforms that gradually form a tower above a steadily rising ocean Because water quickly seeps up through incomplete floors it is vital that you build complete platforms to slow the rising water The goal is to reach the balloon that hovers high in the sky however to complicate matters towertumbling and thieving enemies prowl the depths and soar the skies looking for ways to drown your spirit  so work quickly
"[8, 9, 33]",120867,Super Monkey Ball: Banana Blitz HD,"[6, 48, 49, 130]",40.9401969743121,Missing,Hold onto your bananas because Super Monkey Ball Banana Blitz HD is rolling your way Experience the magic of one of the most beloved titles in the series now remastered in HD  Head back into the fantastical world of Super Monkey Ball and take back your bananas from the space alien pirate king Captain Crabuchin Race through over 100 colorful stages and challenge your friends and family to 10 fanfavorite Party Games Feeling like the fastest most maneuverable monkey around Try out Time Attack mode or the grueling Decathlon endurance run Will you make it onto the scoreboard
[5],7011,Hour of Victory,"[6, 12]",40.87766823677815,Missing,Hour of Victory allows you to play a key role in the pivotal and cinematic battles from the European and North African theaters of World War II using the skills and gameplay style you choose Sneak into enemy territory as a covert operative storm the gates as a British Commando or snipe from afar as an Army Ranger  each characters unique attributes will be needed for the fulfillment of the overall objective Only with all these skills working closely together will you be able to say that you helped define the Hour of Victory
"[5, 13, 15]",7126,The Outfit,[12],40.74998428591381,Missing,The Outfit is a World War II game that unlike many other games in the genre focuses almost entirely on destruction While you will usually need to take a tactical approach to gameplay when on foot you will earn points called Field Units that can be used to buy equipment like tanks and gun turrets to destroy Axis soldiers You can simply buy equipment by using the Y button on your controller in conjunction with the left thumbstick button to select an item to buy  As such the game developers call The Outfit destruction on demand The equipment you buy with Field Units will initially be occupied by AIcontrolled soldiers but you can replace whoever is using the equipment so that you can have some fun blowing stuff up Sporting a fully destructible environment almost everything in The Outfit can be blown up  You can play as one of three characters Tommy Mac can take lots of damage before dying and comes equipped with a flamethrower and machine gun but equipment will cost him more Field Units than other characters Deuce Williams comes equipped with a rocket launcher and pistol and doesnt need as much Field Units to buy stuff as Tommy does but he isnt nearly as strong as Tommy JD Tyler is the most accurate of the three sporting a sniper rifle and shotgun but unfortunately he will die with one shot so he must take an extremely tactical approach to gameplay
[31],4892,The Golden Compass,"[5, 6, 8, 9, 12, 20, 38]",40.7164169804199,Missing,The Golden Compass is an actionadventurepuzzle game played from a thirdperson perspective It was released prior to the film by the same name and features a slightly different sequence of events towards the end of the story as well as additional footage at the end of the game not seen in the film
"[5, 12, 32]",7443,Lichdom: Battlemage,"[6, 48, 49]",40.36076617794357,Missing,Lichdom Battlemage is a firstperson caster that gives the Mage the spotlight in a way never before seen in games With limitless magical power at your disposal and brutal enemies around every corner victory hinges on a combination of skill and strategy You must carefully craft a vast array of spells and learn to cast them in the heat of combat
[31],5990,Prisoner of War,"[6, 8, 11]",40.24747942112683,It is World War II and the player takes the role of an American pilot Captain Lewis Stone who is thrown into a prison camp of the Nazis While attempting to escape the camp Captain Stone discovers that the Germans are developing a secret weapon they intend to use against the Allies Soon his personal wish of escape turns into a desire to save the world from the destruction the Nazis are planning,Prisoner of War captures the intrigue danger and heroism of Allied escape attempts from prisoner of war camps during World War II including Colditz  the Germans highest security escapeproof camp Gameplay delivers a tense 3rd person stealth adventure game where bravery stealth and cunning will win the day
"[31, 32]",26847,2Dark,"[6, 48, 49]",40.24620117810378,Missing,From Frdrick Raynal the creator of Alone in the Dark and pioneer of survivalhorror 2Dark is a grim journey of stealth and courage into the heart of corruption Plagued by a string of child abductions darkness hangs over the oncepicturesque city of Gloomywood like a curse As former detective Mr Smith use your cunning to infiltrate six bastions of cruelty Uncover the secrets of the deranged psychopaths within seek retribution for their crimes and bring the children to safety
[4],3763,Pacific Rim,"[9, 12]",40.211163,Missing,Tactical wargame simulation of the battles in the Pacific Theatre of World War II part of John Tillers Squad Battles series
"[5, 32]",17252,The Culling,"[3, 6, 49]",40.20167802418561,Missing,In a remote island paradise 16 contestants have 20 minutes to explore scavenge items craft weapons build traps and hunt and kill each other Only one will be crowned the winner Do you have the guts to survive Prepare for the most focused brutal and adrenalinefilled battle royale game youve ever seen
[5],119307,CrossfireX,"[49, 169]",40.15742647477474,Missing,CrossfireX delivers an intense firstperson shooter experience where players are immersed in a sprawling global conflict between the worlds two most formidable private military factions Global Risk employs veterans of powerful armed forces who use advanced technologies to fight for order and security Black List employs hardened mercenaries trained in guerilla tactics who fight to destabilize oppressive regimes in the name of freedom Choose your side and complete objectivebased missions across a variety of classic and innovative modes featuring tightly crafted gameplay and cinematic visuals
"[10, 31]",127356,Fast & Furious: Crossroads,"[6, 48, 49]",40.15511654252676,Missing,Gear up for an epic new chapter in the Fast  Furious saga with highspeed heists cinematic nonstop action and adrenalinefueled stunts in exotic locations Join longtime family and a tough new crew to hunt down an international crime syndicate and bring them to street justice  Less than 2 years after its release it was announced that Fast  Furious Crossroads would be delisted from all stores on 29th April 2022
[31],4557,Adventure Time: Explore the Dungeon Because I Don't Know!,"[6, 9, 12, 37, 41]",40.09917782626938,Princess Bubblegum summons Finn and Jake to the Candy Kingdom to investigate a rash of thefts and kidnappings that have plagued her kingdom She thinks the cause lies within her Secret Royal Dungeon where only the nastiest monsters and criminals are locked up If theyve found a way to escape the Land of Ooo will be in danger,Princess Bubblegum summons Finn and Jake to the Candy Kingdom to investigate a rash of thefts and kidnappings that have plagued her kingdom She thinks the cause lies within her Secret Royal Dungeon where only the nastiest monsters and criminals are locked up If theyve found a way to escape the Land of Ooo will be in danger Following the mathematical algebraic and radical success of 2012s Adventure Time Hey Ice King Whyd You Steal Our Garbage show creator Pendleton Ward teams up with developer WayForward in the allnew action game Adventure Time Explore the Dungeon Because I DONT KNOW and team up with your friends in fourplayer cooperative multiplayer as the Adventure Time world comes to life through beautiful pixel animations and voiceover from the original cast
[8],4064,Pac-Man World 3,"[6, 8, 11, 21]",40.07763985524711,Missing,The classic gaming character PacMan is back for the third iteration of the PacMan World series The game features the classic PacMan powers and adds a few new abilitiessuch as superstomp and electric shockto assist the yellowballlike hero against his ghost foes
"[12, 31, 32]",132051,Windbound,"[6, 48, 49, 130, 170]",40.04477167147108,Missing,The Forbidden Islands are Calling Unlock their Secrets Shipwrecked on an island explore adapt and navigate the land and perilous seas to stay alive
[5],19010,Battle: Los Angeles,"[6, 9, 12]",40.01930054813557,Missing,Players will have the opportunity to relive the thrill of the movie as they assume the role of Corporal Lee Imlay and fight alongside characters from the film and defend the city of Los Angeles from attacks from unknown forces
"[5, 31, 32]",44122,City of Brass,"[6, 48, 49, 130]",40.01055416256746,Missing,Armed with scimitar and versatile whip lash slash trick and trap your way through the City of Brass a firstperson roguelite of treasure snares and ghoulish foes
